sample_timestamp_s,sample_velocity_deg_s,sample_acceleration_deg_s2,acceleration_sign,speed_margin_deg_s,normalized_weight,included
0.010000,302.800000,280.000000,1,297.200000,0.001904718906,1
0.020000,305.600000,280.000000,1,294.400000,0.002975845118,1
0.030000,308.400000,280.000000,1,291.600000,0.002975845118,1
0.040000,311.200000,280.000000,1,288.800000,0.006227677641,1
0.050000,314.000000,280.000000,1,286.000000,0.006103235174,1
0.060000,316.800000,280.000000,1,283.200000,0.006227677641,1
0.070000,319.600000,280.000000,1,280.400000,0.006442188413,1
0.080000,322.400000,280.000000,1,277.600000,0.006442188413,1
0.090000,325.200000,280.000000,1,274.800000,0.006103235174,1
0.100000,328.000000,280.000000,1,272.000000,0.006227677641,1
0.110000,330.800000,280.000000,1,269.200000,0.006103235174,1
0.120000,333.600000,280.000000,1,266.400000,0.006442188413,1
0.130000,336.400000,280.000000,1,263.600000,0.006442188413,1
0.140000,339.200000,280.000000,1,260.800000,0.006554922557,1
0.150000,342.000000,280.000000,1,258.000000,0.006554922557,1
0.160000,344.800000,280.000000,1,255.200000,0.001907892960,1
0.170000,347.600000,280.000000,1,252.400000,0.006554922557,1
0.180000,350.400000,280.000000,1,249.600000,0.002635352621,1
0.190000,353.200000,280.000000,1,246.800000,0.006554922557,1
0.200000,356.000000,280.000000,1,244.000000,0.006554922557,1
0.210000,358.800000,280.000000,1,241.200000,0.001907892960,1
0.220000,361.600000,280.000000,1,238.400000,0.002635352621,1
0.230000,364.400000,280.000000,1,235.600000,0.006554922557,1
0.240000,367.200000,280.000000,1,232.800000,0.002635352621,1
0.250000,370.000000,280.000000,1,230.000000,0.006554922557,1
0.260000,372.800000,280.000000,1,227.200000,0.006103235174,1
0.270000,375.600000,280.000000,1,224.400000,0.006103235174,1
0.280000,378.400000,280.000000,1,221.600000,0.006442188413,1
0.290000,381.200000,280.000000,1,218.800000,0.006227677641,1
0.300000,384.000000,280.000000,1,216.000000,0.006442188413,1
0.310000,386.800000,280.000000,1,213.200000,0.006227677641,1
0.320000,389.600000,280.000000,1,210.400000,0.006103235174,1
0.330000,392.400000,280.000000,1,207.600000,0.006227677641,1
0.340000,395.200000,280.000000,1,204.800000,0.006227677641,1
0.350000,398.000000,280.000000,1,202.000000,0.002975845118,1
0.360000,400.800000,280.000000,1,199.200000,0.001904718906,1
0.370000,403.600000,280.000000,1,196.400000,0.001508192831,1
0.380000,406.400000,280.000000,1,193.600000,0.006442188413,1
0.390000,409.200000,280.000000,1,190.800000,0.001508192831,1
0.400000,412.000000,280.000000,1,188.000000,0.006103235174,1
0.410000,414.800000,280.000000,1,185.200000,0.000389795739,1
0.420000,417.600000,280.000000,1,182.400000,0.001508192831,1
0.430000,420.400000,280.000000,1,179.600000,0.001520809061,1
0.440000,423.200000,280.000000,1,176.800000,0.000995638676,1
0.450000,426.000000,280.000000,1,174.000000,0.006227677641,1
0.460000,428.800000,280.000000,1,171.200000,0.000995638676,1
0.470000,431.600000,280.000000,1,168.400000,0.001520809061,1
0.480000,434.400000,280.000000,1,165.600000,0.001520809061,1
0.490000,437.200000,280.000000,1,162.800000,0.000995638676,1
0.500000,440.000000,280.000000,1,160.000000,0.001508192831,1
0.510000,442.800000,280.000000,1,157.200000,0.001904718906,1
0.520000,445.600000,280.000000,1,154.400000,0.006103235174,1
0.530000,448.400000,280.000000,1,151.600000,0.006442188413,1
0.540000,451.200000,280.000000,1,148.800000,0.000550106007,1
0.550000,454.000000,280.000000,1,146.000000,0.000550106007,1
0.560000,456.800000,280.000000,1,143.200000,0.000000000000,0
0.570000,459.600000,280.000000,1,140.400000,0.000000000000,0
0.580000,462.400000,280.000000,1,137.600000,0.001520809061,1
0.590000,465.200000,280.000000,1,134.800000,0.001520809061,1
0.600000,468.000000,280.000000,1,132.000000,0.001520809061,1
0.610000,470.800000,280.000000,1,129.200000,0.001520809061,1
0.620000,473.600000,280.000000,1,126.400000,0.000000000000,0
0.630000,476.400000,280.000000,1,123.600000,0.000550106007,1
0.640000,479.200000,280.000000,1,120.800000,0.000550106007,1
0.650000,482.000000,280.000000,1,118.000000,0.001520809061,1
0.660000,484.800000,280.000000,1,115.200000,0.000000000000,0
0.670000,487.600000,280.000000,1,112.400000,0.000995638676,1
0.680000,490.400000,280.000000,1,109.600000,0.000550106007,1
0.690000,493.200000,280.000000,1,106.800000,0.001520809061,1
0.700000,496.000000,280.000000,1,104.000000,0.002975845118,1
0.710000,498.800000,280.000000,1,101.200000,0.001520809061,1
0.720000,501.600000,280.000000,1,98.400000,0.000995638676,1
0.730000,504.400000,280.000000,1,95.600000,0.000995638676,1
0.740000,507.200000,280.000000,1,92.800000,0.002975845118,1
0.750000,510.000000,280.000000,1,90.000000,0.006554922557,1
0.760000,512.800000,280.000000,1,87.200000,0.000000000000,0
0.770000,515.600000,280.000000,1,84.400000,0.006227677641,1
0.780000,518.400000,280.000000,1,81.600000,0.001520809061,1
0.790000,521.200000,280.000000,1,78.800000,0.000018854838,1
0.800000,524.000000,280.000000,1,76.000000,0.000000000000,0
0.810000,526.800000,280.000000,1,73.200000,0.001907892960,1
0.820000,529.600000,279.868183,1,70.400000,0.000013680209,1
0.830000,532.400000,278.413797,1,67.600000,0.000012260142,1
0.840000,535.200000,275.215027,1,64.800000,0.000010972898,1
0.850000,538.000000,270.293843,1,62.000000,0.000009807769,1
0.860000,540.800000,263.650244,1,59.200000,0.000008754719,1
0.870000,543.600000,255.284231,1,56.400000,0.000007804359,1
0.880000,546.400000,245.195804,1,53.600000,0.000006947928,1
0.890000,549.200000,233.384962,1,50.800000,0.000006177269,1
0.900000,552.000000,219.851705,1,48.000000,0.000005484799,1
0.910000,554.800000,204.596034,1,45.200000,0.000004863490,1
0.920000,557.600000,187.617949,1,42.400000,0.000004306836,1
0.930000,560.400000,168.917449,1,39.600000,0.000003808831,1
0.940000,563.200000,148.494535,1,36.800000,0.000003363940,1
0.950000,566.000000,126.349206,1,34.000000,0.000002967070,1
0.960000,568.800000,102.481463,1,31.200000,0.000002613547,1
0.970000,571.600000,76.891306,1,28.400000,0.000002299090,1
0.980000,574.400000,49.578733,1,25.600000,0.000002019783,1
0.990000,577.200000,20.543747,1,22.800000,0.000001772052,1
1.000000,580.000000,-10.213654,1,20.000000,0.000001552642,1
1.010000,582.800000,-42.693470,1,17.200000,0.000001358593,1
1.020000,585.600000,-76.895699,1,14.400000,0.000001187218,1
1.030000,588.400000,-112.820344,1,11.600000,0.000001036083,1
1.040000,591.200000,-150.467403,1,8.800000,0.000000902987,1
1.050000,594.000000,-189.836876,1,6.000000,0.000000785944,1
1.060000,596.800000,-230.928764,1,3.200000,0.000000683164,1
1.070000,599.600000,-273.743066,1,0.400000,0.000000593036,1
1.080000,597.600000,-280.000000,-1,2.400000,0.000000000000,0
1.090000,594.800000,-280.000000,-1,5.200000,0.000000000000,0
1.100000,592.000000,-280.000000,-1,8.000000,0.000000000000,0
1.110000,589.200000,-280.000000,-1,10.800000,0.000000000000,0
1.120000,586.400000,-280.000000,-1,13.600000,0.000000000000,0
1.130000,583.600000,-280.000000,-1,16.400000,0.000000000000,0
1.140000,580.800000,-280.000000,-1,19.200000,0.000000000000,0
1.150000,578.000000,-280.000000,-1,22.000000,0.000000000000,0
1.160000,575.200000,-280.000000,-1,24.800000,0.000000000000,0
1.170000,572.400000,-280.000000,-1,27.600000,0.000000000000,0
1.180000,569.600000,-280.000000,-1,30.400000,0.000000000000,0
1.190000,566.800000,-280.000000,-1,33.200000,0.000000000000,0
1.200000,564.000000,-280.000000,-1,36.000000,0.000000000000,0
1.210000,561.200000,-280.000000,-1,38.800000,0.000000000000,0
1.220000,558.400000,-280.000000,-1,41.600000,0.000000000000,0
1.230000,555.600000,-280.000000,-1,44.400000,0.000000000000,0
1.240000,552.800000,-280.000000,-1,47.200000,0.000000000000,0
1.250000,550.000000,-280.000000,-1,50.000000,0.000000000000,0
1.260000,547.200000,-280.000000,-1,52.800000,0.000000000000,0
1.270000,544.400000,-280.000000,-1,55.600000,0.000000000000,0
1.280000,541.600000,-280.000000,-1,58.400000,0.000000000000,0
1.290000,538.800000,-280.000000,-1,61.200000,0.000000000000,0
1.300000,536.000000,-280.000000,-1,64.000000,0.000000000000,0
1.310000,533.200000,-280.000000,-1,66.800000,0.000000000000,0
1.320000,530.400000,-280.000000,-1,69.600000,0.000000000000,0
1.330000,527.600000,-280.000000,-1,72.400000,0.000000000000,0
1.340000,524.800000,-280.000000,-1,75.200000,0.000000000000,0
1.350000,522.000000,-280.000000,-1,78.000000,0.000000000000,0
1.360000,519.200000,-280.000000,-1,80.800000,0.000000000000,0
1.370000,516.400000,-280.000000,-1,83.600000,0.000000000000,0
1.380000,513.600000,-280.000000,-1,86.400000,0.000000000000,0
1.390000,510.800000,-280.000000,-1,89.200000,0.000000000000,0
1.400000,508.000000,-280.000000,-1,92.000000,0.000000000000,0
1.410000,505.200000,-280.000000,-1,94.800000,0.000000000000,0
1.420000,502.400000,-280.000000,-1,97.600000,0.000000000000,0
1.430000,499.600000,-280.000000,-1,100.400000,0.000000000000,0
1.440000,496.800000,-280.000000,-1,103.200000,0.000000000000,0
1.450000,494.000000,-280.000000,-1,106.000000,0.000000000000,0
1.460000,491.200000,-280.000000,-1,108.800000,0.000000000000,0
1.470000,488.400000,-280.000000,-1,111.600000,0.000000000000,0
1.480000,485.600000,-280.000000,-1,114.400000,0.000000000000,0
1.490000,482.800000,-280.000000,-1,117.200000,0.000000000000,0
1.500000,480.000000,-280.000000,-1,120.000000,0.000000000000,0
1.510000,477.200000,-280.000000,-1,122.800000,0.000000000000,0
1.520000,474.400000,-280.000000,-1,125.600000,0.000000000000,0
1.530000,471.600000,-280.000000,-1,128.400000,0.000000000000,0
1.540000,468.800000,-280.000000,-1,131.200000,0.000000000000,0
1.550000,466.000000,-280.000000,-1,134.000000,0.000000000000,0
1.560000,463.200000,-280.000000,-1,136.800000,0.000000000000,0
1.570000,460.400000,-280.000000,-1,139.600000,0.000000000000,0
1.580000,457.600000,-280.000000,-1,142.400000,0.010173603829,1
1.590000,454.800000,-280.000000,-1,145.200000,0.000000000000,0
1.600000,452.000000,-280.000000,-1,148.000000,0.000000000000,0
1.610000,449.200000,-280.000000,-1,150.800000,0.000000000000,0
1.620000,446.400000,-280.000000,-1,153.600000,0.010173603829,1
1.630000,443.600000,-280.000000,-1,156.400000,0.000000000000,0
1.640000,440.800000,-280.000000,-1,159.200000,0.010173603829,1
1.650000,438.000000,-280.000000,-1,162.000000,0.000000000000,0
1.660000,435.200000,-280.000000,-1,164.800000,0.010173603829,1
1.670000,432.400000,-280.000000,-1,167.600000,0.000000000000,0
1.680000,429.600000,-280.000000,-1,170.400000,0.000000000000,0
1.690000,426.800000,-280.000000,-1,173.200000,0.000000000000,0
1.700000,424.000000,-280.000000,-1,176.000000,0.000000000000,0
1.710000,421.200000,-280.000000,-1,178.800000,0.000000000000,0
1.720000,418.400000,-280.000000,-1,181.600000,0.000000000000,0
1.730000,415.600000,-280.000000,-1,184.400000,0.000000000000,0
1.740000,412.800000,-280.000000,-1,187.200000,0.005064025784,1
1.750000,410.000000,-280.000000,-1,190.000000,0.005338874631,1
1.760000,407.200000,-280.000000,-1,192.800000,0.005621168465,1
1.770000,404.400000,-280.000000,-1,195.600000,0.005910531599,1
1.780000,401.600000,-280.000000,-1,198.400000,0.013792758402,1
1.790000,398.800000,-280.000000,-1,201.200000,0.015772661484,1
1.800000,396.000000,-280.000000,-1,204.000000,0.017059780883,1
1.810000,393.200000,-280.000000,-1,206.800000,0.018320894212,1
1.820000,390.400000,-280.000000,-1,209.600000,0.007446843274,1
1.830000,387.600000,-280.000000,-1,212.400000,0.007768023657,1
1.840000,384.800000,-280.000000,-1,215.200000,0.008092299153,1
1.850000,382.000000,-280.000000,-1,218.000000,0.008418920002,1
1.860000,379.200000,-280.000000,-1,220.800000,0.023612784711,1
1.870000,376.400000,-280.000000,-1,223.600000,0.009075999885,1
1.880000,373.600000,-280.000000,-1,226.400000,0.024180453331,1
1.890000,370.800000,-280.000000,-1,229.200000,0.038273065589,1
1.900000,368.000000,-280.000000,-1,232.000000,0.024867672530,1
1.910000,365.200000,-280.000000,-1,234.800000,0.010381197331,1
1.920000,362.400000,-280.000000,-1,237.600000,0.010700235777,1
1.930000,359.600000,-280.000000,-1,240.400000,0.011014437229,1
1.940000,356.800000,-280.000000,-1,243.200000,0.011322813160,1
1.950000,354.000000,-280.000000,-1,246.000000,0.026370640992,1
1.960000,351.200000,-280.000000,-1,248.800000,0.011918115509,1
1.970000,348.400000,-280.000000,-1,251.600000,0.038181353289,1
1.980000,345.600000,-280.000000,-1,254.400000,0.012478233126,1
1.990000,342.800000,-280.000000,-1,257.200000,0.038181353289,1
2.000000,340.000000,-280.000000,-1,260.000000,0.012995436026,1
2.010000,337.200000,-280.000000,-1,262.800000,0.038181353289,1
2.020000,334.400000,-280.000000,-1,265.600000,0.013462349828,1
2.030000,331.600000,-280.000000,-1,268.400000,0.013674784018,1
2.040000,328.800000,-280.000000,-1,271.200000,0.028368672992,1
2.050000,326.000000,-280.000000,-1,274.000000,0.014053641649,1
2.060000,323.200000,-280.000000,-1,276.800000,0.014218627313,1
2.070000,320.400000,-280.000000,-1,279.600000,0.014366452146,1
2.080000,317.600000,-280.000000,-1,282.400000,0.028368672992,1
2.090000,314.800000,-280.000000,-1,285.200000,0.014608392918,1
2.100000,312.000000,-280.000000,-1,288.000000,0.014701562439,1
2.110000,309.200000,-280.000000,-1,290.800000,0.024180453331,1
2.120000,306.400000,-280.000000,-1,293.600000,0.014830465641,1
2.130000,303.600000,-280.000000,-1,296.400000,0.023612784711,1
2.140000,300.800000,-280.000000,-1,299.200000,0.014881213139,1
2.150000,298.000000,-280.000000,-1,302.000000,0.014876977557,1
2.160000,295.200000,-280.000000,-1,304.800000,0.014852998685,1
2.170000,292.400000,-280.000000,-1,307.600000,0.024867672530,1
2.180000,289.600000,-280.000000,-1,310.400000,0.026370640992,1
2.190000,286.800000,-280.000000,-1,313.200000,0.014663945244,1
2.200000,284.000000,-280.000000,-1,316.000000,0.038273065589,1
2.210000,281.200000,-280.000000,-1,318.800000,0.014442995467,1
2.220000,278.400000,-280.000000,-1,321.600000,0.014305238180,1
2.230000,275.600000,-280.000000,-1,324.400000,0.014149984862,1
2.240000,272.800000,-280.000000,-1,327.200000,0.038273065589,1
2.250000,270.000000,-280.000000,-1,330.000000,0.013789449579,1
2.260000,267.200000,-280.000000,-1,332.800000,0.013585543113,1
2.270000,264.400000,-280.000000,-1,335.600000,0.025728444347,1
2.280000,261.600000,-280.000000,-1,338.400000,0.013134282236,1
2.290000,258.800000,-280.000000,-1,341.200000,0.012888595977,1
2.300000,256.000000,-280.000000,-1,344.000000,0.012630715104,1
2.310000,253.200000,-280.000000,-1,346.800000,0.025728444347,1
2.320000,250.400000,-280.000000,-1,349.600000,0.022962517295,1
2.330000,247.600000,-280.000000,-1,352.400000,0.011793244737,1
2.340000,244.800000,-280.000000,-1,355.200000,0.011496030208,1
2.350000,242.000000,-280.000000,-1,358.000000,0.018320894212,1
2.360000,239.200000,-280.000000,-1,360.800000,0.022962517295,1
2.370000,236.400000,-280.000000,-1,363.600000,0.010564039954,1
2.380000,233.600000,-280.000000,-1,366.400000,0.017059780883,1
2.390000,230.800000,-280.000000,-1,369.200000,0.009918974652,1
2.400000,228.000000,-280.000000,-1,372.000000,0.012872583970,1
2.410000,225.200000,-280.000000,-1,374.800000,0.015772661484,1
2.420000,222.400000,-280.000000,-1,377.600000,0.011817114043,1
2.430000,219.600000,-280.000000,-1,380.400000,0.008606311044,1
2.440000,216.800000,-280.000000,-1,383.200000,0.008278702233,1
2.450000,214.000000,-280.000000,-1,386.000000,0.007952992086,1
2.460000,211.200000,-280.000000,-1,388.800000,0.007629953695,1
2.470000,208.400000,-280.000000,-1,391.600000,0.007310318824,1
2.480000,205.600000,-280.000000,-1,394.400000,0.006994775787,1
2.490000,202.800000,-280.000000,-1,397.200000,0.006683967688,1
2.500000,200.000000,-280.000000,-1,400.000000,0.008007008744,1
2.510000,197.200000,-280.000000,-1,402.800000,0.013792758402,1
2.520000,194.400000,-280.000000,-1,405.600000,0.005785679290,1
2.530000,191.600000,-280.000000,-1,408.400000,0.005499296753,1
2.540000,188.800000,-280.000000,-1,411.200000,0.005220150438,1
2.550000,186.000000,-280.000000,-1,414.000000,0.004948595389,1
2.560000,183.200000,-280.000000,-1,416.800000,0.004684938964,1
2.570000,180.400000,-280.000000,-1,419.600000,0.004429441723,1
2.580000,177.600000,-280.000000,-1,422.400000,0.005027501855,1
2.590000,174.800000,-280.000000,-1,425.200000,0.003943740168,1
2.600000,172.000000,-280.000000,-1,428.000000,0.003713834451,1
2.610000,169.200000,-280.000000,-1,430.800000,0.003492688476,1
2.620000,166.400000,-280.000000,-1,433.600000,0.012872583970,1
2.630000,163.600000,-280.000000,-1,436.400000,0.003076831153,1
2.640000,160.800000,-280.000000,-1,439.200000,0.011817114043,1
2.650000,158.000000,-280.000000,-1,442.000000,0.002696123195,1
2.660000,155.200000,-280.000000,-1,444.800000,0.002518792334,1
2.670000,152.400000,-280.000000,-1,447.600000,0.002350001054,1
2.680000,149.600000,-280.000000,-1,450.400000,0.002189610238,1
2.690000,146.800000,-280.000000,-1,453.200000,0.002037457868,1
2.700000,144.000000,-280.000000,-1,456.000000,0.001893361416,1
2.710000,141.200000,-280.000000,-1,458.800000,0.001757120204,1
2.720000,138.400000,-280.000000,-1,461.600000,0.008007008744,1
2.730000,135.600000,-280.000000,-1,464.400000,0.013792758402,1
2.740000,132.800000,-280.000000,-1,467.200000,0.001393297009,1
2.750000,130.000000,-280.000000,-1,470.000000,0.001286186391,1
2.760000,127.200000,-280.000000,-1,472.800000,0.001185733744,1
2.770000,124.400000,-280.000000,-1,475.600000,0.001091675371,1
2.780000,121.600000,-280.000000,-1,478.400000,0.001003743878,1
2.790000,118.800000,-280.000000,-1,481.200000,0.000921669828,1
2.800000,116.000000,-280.000000,-1,484.000000,0.005027501855,1
2.810000,113.200000,-280.000000,-1,486.800000,0.000774015191,1
2.820000,110.400000,-280.000000,-1,489.600000,0.000707898736,1
2.830000,107.600000,-280.000000,-1,492.400000,0.000646570452,1
2.840000,104.800000,-280.000000,-1,495.200000,0.000589771299,1
2.850000,102.000000,-280.000000,-1,498.000000,0.000537247593,1
2.860000,99.200000,-280.000000,-1,500.800000,0.000488751819,1
2.870000,96.400000,-280.000000,-1,503.600000,0.000000000000,0
2.880000,93.600000,-280.000000,-1,506.400000,0.000000000000,0
2.890000,90.800000,-280.000000,-1,509.200000,0.000000000000,0
2.900000,88.000000,-280.000000,-1,512.000000,0.000330350265,1
2.910000,85.200000,-280.000000,-1,514.800000,0.000298540934,1
2.920000,82.400000,-280.000000,-1,517.600000,0.000000000000,0
2.930000,79.600000,-280.000000,-1,520.400000,0.000242846324,1
2.940000,76.800000,-280.000000,-1,523.200000,0.000000000000,0
2.950000,74.000000,-280.000000,-1,526.000000,0.000000000000,0
2.960000,71.200000,-280.000000,-1,528.800000,0.000000000000,0
2.970000,68.400000,-280.000000,-1,531.600000,0.000000000000,0
2.980000,65.600000,-280.000000,-1,534.400000,0.000000000000,0
2.990000,62.800000,-280.000000,-1,537.200000,0.000126610001,1
3.000000,60.000000,-280.000000,-1,540.000000,0.000000000000,0
3.010000,57.200000,-280.000000,-1,542.800000,0.000000000000,0
3.020000,54.400000,-280.000000,-1,545.600000,0.000000000000,0
3.030000,51.600000,-280.000000,-1,548.400000,0.000000000000,0
3.040000,48.800000,-280.000000,-1,551.200000,0.000000000000,0
3.050000,46.000000,-280.000000,-1,554.000000,0.000000000000,0
3.060000,43.200000,-280.000000,-1,556.800000,0.000000000000,0
3.070000,40.400000,-280.000000,-1,559.600000,0.000000000000,0
3.080000,37.600000,-280.000000,-1,562.400000,0.000000000000,0
3.090000,34.800000,-280.000000,-1,565.200000,0.000000000000,0
3.100000,32.000000,-280.000000,-1,568.000000,0.000000000000,0
3.110000,29.200000,-280.000000,-1,570.800000,0.000000000000,0
3.120000,26.400000,-280.000000,-1,573.600000,0.000000000000,0
3.130000,23.600000,-280.000000,-1,576.400000,0.000000000000,0
3.140000,20.800000,-280.000000,-1,579.200000,0.000000000000,0
3.150000,18.000000,-280.000000,-1,582.000000,0.000000000000,0
3.160000,15.200000,-280.000000,-1,584.800000,0.000000000000,0
3.170000,12.400000,-280.000000,-1,587.600000,0.000000000000,0
3.180000,9.600000,-280.000000,-1,590.400000,0.000000000000,0
3.190000,6.800000,-280.000000,-1,593.200000,0.000000000000,0
3.200000,4.000000,-280.000000,-1,596.000000,0.000000000000,0
3.210000,1.200000,-280.000000,-1,598.800000,0.000000000000,0
3.220000,-1.600000,-280.000000,-1,598.400000,0.000000000000,0
3.230000,-4.400000,-280.000000,-1,595.600000,0.000000000000,0
3.240000,-7.200000,-280.000000,-1,592.800000,0.000000000000,0
3.250000,-10.000000,-280.000000,-1,590.000000,0.000000000000,0
3.260000,-12.800000,-280.000000,-1,587.200000,0.000000000000,0
3.270000,-15.600000,-280.000000,-1,584.400000,0.000000000000,0
3.280000,-18.400000,-280.000000,-1,581.600000,0.000000000000,0
3.290000,-21.200000,-280.000000,-1,578.800000,0.000000000000,0
3.300000,-24.000000,-280.000000,-1,576.000000,0.000000000000,0
3.310000,-26.800000,-280.000000,-1,573.200000,0.000000000000,0
3.320000,-29.600000,-280.000000,-1,570.400000,0.000000000000,0
3.330000,-32.400000,-280.000000,-1,567.600000,0.000000000000,0
3.340000,-35.200000,-280.000000,-1,564.800000,0.000000000000,0
3.350000,-38.000000,-280.000000,-1,562.000000,0.000000000000,0
3.360000,-40.800000,-280.000000,-1,559.200000,0.000000000000,0
3.370000,-43.600000,-280.000000,-1,556.400000,0.000000000000,0
3.380000,-46.400000,-280.000000,-1,553.600000,0.000000000000,0
3.390000,-49.200000,-280.000000,-1,550.800000,0.000000000000,0
3.400000,-52.000000,-280.000000,-1,548.000000,0.000000000000,0
3.410000,-54.800000,-280.000000,-1,545.200000,0.000000000000,0
3.420000,-57.600000,-280.000000,-1,542.400000,0.000000000000,0
3.430000,-60.400000,-280.000000,-1,539.600000,0.000000000000,0
3.440000,-63.200000,-280.000000,-1,536.800000,0.000000000000,0
3.450000,-66.000000,-280.000000,-1,534.000000,0.000000000000,0
3.460000,-68.800000,-280.000000,-1,531.200000,0.000000000000,0
3.470000,-71.600000,-280.000000,-1,528.400000,0.000000000000,0
3.480000,-74.400000,-280.000000,-1,525.600000,0.000000000000,0
3.490000,-77.200000,-280.000000,-1,522.800000,0.000000000000,0
3.500000,-80.000000,-280.000000,-1,520.000000,0.000000000000,0
3.510000,-82.800000,-280.000000,-1,517.200000,0.000000000000,0
3.520000,-85.600000,-280.000000,-1,514.400000,0.000000000000,0
3.530000,-88.400000,-280.000000,-1,511.600000,0.000000000000,0
3.540000,-91.200000,-280.000000,-1,508.800000,0.000000000000,0
3.550000,-94.000000,-280.000000,-1,506.000000,0.000000000000,0
3.560000,-96.800000,-280.000000,-1,503.200000,0.000000000000,0
3.570000,-99.600000,-280.000000,-1,500.400000,0.000000000000,0
3.580000,-102.400000,-280.000000,-1,497.600000,0.000000000000,0
3.590000,-105.200000,-280.000000,-1,494.800000,0.000000000000,0
3.600000,-108.000000,-280.000000,-1,492.000000,0.000000000000,0
3.610000,-110.800000,-280.000000,-1,489.200000,0.000000000000,0
3.620000,-113.600000,-280.000000,-1,486.400000,0.000000000000,0
3.630000,-116.400000,-280.000000,-1,483.600000,0.000000000000,0
3.640000,-119.200000,-280.000000,-1,480.800000,0.000000000000,0
3.650000,-122.000000,-280.000000,-1,478.000000,0.000000000000,0
3.660000,-124.800000,-280.000000,-1,475.200000,0.000000000000,0
3.670000,-127.600000,-280.000000,-1,472.400000,0.000000000000,0
3.680000,-130.400000,-280.000000,-1,469.600000,0.000000000000,0
3.690000,-133.200000,-280.000000,-1,466.800000,0.000000000000,0
3.700000,-136.000000,-280.000000,-1,464.000000,0.000000000000,0
3.710000,-138.800000,-280.000000,-1,461.200000,0.000000000000,0
3.720000,-141.600000,-280.000000,-1,458.400000,0.000000000000,0
3.730000,-144.400000,-280.000000,-1,455.600000,0.000000000000,0
3.740000,-147.200000,-280.000000,-1,452.800000,0.000000000000,0
3.750000,-150.000000,-280.000000,-1,450.000000,0.000000000000,0
3.760000,-152.800000,-280.000000,-1,447.200000,0.000000000000,0
3.770000,-155.600000,-280.000000,-1,444.400000,0.000000000000,0
3.780000,-158.400000,-280.000000,-1,441.600000,0.000000000000,0
3.790000,-161.200000,-280.000000,-1,438.800000,0.000000000000,0
3.800000,-164.000000,-280.000000,-1,436.000000,0.000000000000,0
3.810000,-166.800000,-280.000000,-1,433.200000,0.000000000000,0
3.820000,-169.600000,-280.000000,-1,430.400000,0.000000000000,0
3.830000,-172.400000,-280.000000,-1,427.600000,0.000000000000,0
3.840000,-175.200000,-280.000000,-1,424.800000,0.000000000000,0
3.850000,-178.000000,-280.000000,-1,422.000000,0.000000000000,0
3.860000,-180.800000,-280.000000,-1,419.200000,0.000000000000,0
3.870000,-183.600000,-280.000000,-1,416.400000,0.000000000000,0
3.880000,-186.400000,-280.000000,-1,413.600000,0.000000000000,0
3.890000,-189.200000,-280.000000,-1,410.800000,0.000000000000,0
3.900000,-192.000000,-280.000000,-1,408.000000,0.000000000000,0
3.910000,-194.800000,-280.000000,-1,405.200000,0.000000000000,0
3.920000,-197.600000,-280.000000,-1,402.400000,0.000000000000,0
3.930000,-200.400000,-280.000000,-1,399.600000,0.000000000000,0
3.940000,-203.200000,-280.000000,-1,396.800000,0.000000000000,0
3.950000,-206.000000,-280.000000,-1,394.000000,0.000000000000,0
3.960000,-208.800000,-280.000000,-1,391.200000,0.000000000000,0
3.970000,-211.600000,-280.000000,-1,388.400000,0.000000000000,0
3.980000,-214.400000,-280.000000,-1,385.600000,0.000000000000,0
3.990000,-217.200000,-280.000000,-1,382.800000,0.000000000000,0
4.000000,-220.000000,-280.000000,-1,380.000000,0.000000000000,0
4.010000,-222.800000,-280.000000,-1,377.200000,0.000000000000,0
4.020000,-225.600000,-280.000000,-1,374.400000,0.000000000000,0
4.030000,-228.400000,-280.000000,-1,371.600000,0.000000000000,0
4.040000,-231.200000,-280.000000,-1,368.800000,0.000000000000,0
4.050000,-234.000000,-280.000000,-1,366.000000,0.000000000000,0
4.060000,-236.800000,-280.000000,-1,363.200000,0.000000000000,0
4.070000,-239.600000,-280.000000,-1,360.400000,0.000000000000,0
4.080000,-242.400000,-280.000000,-1,357.600000,0.000000000000,0
4.090000,-245.200000,-280.000000,-1,354.800000,0.000000000000,0
4.100000,-248.000000,-280.000000,-1,352.000000,0.000000000000,0
4.110000,-250.800000,-280.000000,-1,349.200000,0.000000000000,0
4.120000,-253.600000,-280.000000,-1,346.400000,0.000000000000,0
4.130000,-256.400000,-280.000000,-1,343.600000,0.000000000000,0
4.140000,-259.200000,-280.000000,-1,340.800000,0.000000000000,0
4.150000,-262.000000,-280.000000,-1,338.000000,0.000000000000,0
4.160000,-264.800000,-280.000000,-1,335.200000,0.000000000000,0
4.170000,-267.600000,-280.000000,-1,332.400000,0.000000000000,0
4.180000,-270.400000,-280.000000,-1,329.600000,0.000000000000,0
4.190000,-273.200000,-280.000000,-1,326.800000,0.000000000000,0
4.200000,-276.000000,-280.000000,-1,324.000000,0.000000000000,0
4.210000,-278.800000,-280.000000,-1,321.200000,0.000000000000,0
4.220000,-281.600000,-280.000000,-1,318.400000,0.000000000000,0
4.230000,-284.400000,-280.000000,-1,315.600000,0.000000000000,0
4.240000,-287.200000,-280.000000,-1,312.800000,0.000000000000,0
4.250000,-290.000000,-280.000000,-1,310.000000,0.000000000000,0
4.260000,-292.800000,-280.000000,-1,307.200000,0.000000000000,0
4.270000,-295.600000,-280.000000,-1,304.400000,0.000000000000,0
4.280000,-298.400000,-280.000000,-1,301.600000,0.000000000000,0
4.290000,-301.200000,-280.000000,-1,298.800000,0.000000000000,0
4.300000,-304.000000,-280.000000,-1,296.000000,0.000000000000,0
4.310000,-306.800000,-280.000000,-1,293.200000,0.000000000000,0
4.320000,-309.600000,-280.000000,-1,290.400000,0.000000000000,0
4.330000,-312.400000,-280.000000,-1,287.600000,0.000000000000,0
4.340000,-315.200000,-280.000000,-1,284.800000,0.000000000000,0
4.350000,-318.000000,-280.000000,-1,282.000000,0.000000000000,0
4.360000,-320.800000,-280.000000,-1,279.200000,0.000000000000,0
4.370000,-323.600000,-280.000000,-1,276.400000,0.000000000000,0
4.380000,-326.400000,-280.000000,-1,273.600000,0.000000000000,0
4.390000,-329.200000,-280.000000,-1,270.800000,0.000000000000,0
4.400000,-332.000000,-280.000000,-1,268.000000,0.000000000000,0
4.410000,-334.800000,-280.000000,-1,265.200000,0.000000000000,0
4.420000,-337.600000,-280.000000,-1,262.400000,0.000000000000,0
4.430000,-340.400000,-280.000000,-1,259.600000,0.000000000000,0
4.440000,-343.200000,-280.000000,-1,256.800000,0.000000000000,0
4.450000,-346.000000,-280.000000,-1,254.000000,0.000000000000,0
4.460000,-348.800000,-280.000000,-1,251.200000,0.000000000000,0
4.470000,-351.600000,-280.000000,-1,248.400000,0.000000000000,0
4.480000,-354.400000,-280.000000,-1,245.600000,0.000000000000,0
4.490000,-357.200000,-280.000000,-1,242.800000,0.000000000000,0
4.500000,-360.000000,-280.000000,-1,240.000000,0.000000000000,0
4.510000,-362.800000,-280.000000,-1,237.200000,0.000000000000,0
4.520000,-365.600000,-280.000000,-1,234.400000,0.000000000000,0
4.530000,-368.400000,-280.000000,-1,231.600000,0.000000000000,0
4.540000,-371.200000,-280.000000,-1,228.800000,0.000000000000,0
4.550000,-374.000000,-280.000000,-1,226.000000,0.000000000000,0
4.560000,-376.800000,-280.000000,-1,223.200000,0.000000000000,0
4.570000,-379.600000,-280.000000,-1,220.400000,0.000000000000,0
4.580000,-382.400000,-280.000000,-1,217.600000,0.000000000000,0
4.590000,-385.200000,-280.000000,-1,214.800000,0.000000000000,0
4.600000,-388.000000,-280.000000,-1,212.000000,0.000000000000,0
4.610000,-390.800000,-280.000000,-1,209.200000,0.000000000000,0
4.620000,-393.600000,-280.000000,-1,206.400000,0.000000000000,0
4.630000,-396.400000,-280.000000,-1,203.600000,0.000000000000,0
4.640000,-399.200000,-280.000000,-1,200.800000,0.000000000000,0
4.650000,-402.000000,-280.000000,-1,198.000000,0.000000000000,0
4.660000,-404.800000,-280.000000,-1,195.200000,0.000000000000,0
4.670000,-407.600000,-280.000000,-1,192.400000,0.000000000000,0
4.680000,-410.400000,-280.000000,-1,189.600000,0.000000000000,0
4.690000,-413.200000,-280.000000,-1,186.800000,0.000000000000,0
4.700000,-416.000000,-280.000000,-1,184.000000,0.000000000000,0
4.710000,-418.800000,-280.000000,-1,181.200000,0.000000000000,0
4.720000,-421.600000,-280.000000,-1,178.400000,0.000000000000,0
4.730000,-424.400000,-280.000000,-1,175.600000,0.000000000000,0
4.740000,-427.200000,-280.000000,-1,172.800000,0.000000000000,0
